model,n_train,n_test,rmse,mae,r2,spearman,delta_vs_baseline_rmse,delta_vs_baseline_mae,delta_vs_baseline_r2,delta_vs_baseline_spearman
RF_MorganFingerprint,6938,1967,1.7823185419284593,1.3990814711185275,0.3985149425506267,0.6514697542675838,,,,
RF_MorganFingerprint_BRICSFragmentStats,6938,1967,2.0938945690774537,1.6084376843104995,0.1698361586878364,0.5279440902469391,0.31157602714899446,0.20935621319197195,-0.22867878386279028,-0.12352566402064469
