model,n_train,n_test,rmse,mae,r2,spearman,delta_vs_baseline_rmse,delta_vs_baseline_mae,delta_vs_baseline_r2,delta_vs_baseline_spearman
RF_MorganFingerprint,6938,1967,1.7694286154839283,1.3897825928432626,0.4071834968310134,0.6685126978242563,,,,
RF_MorganFingerprint_BRICSFragmentStats,6938,1967,2.853884675234788,2.311973413748756,-0.5421514663032816,0.46121924384574803,1.0844560597508597,0.9221908209054936,-0.949334963134295,-0.20729345397850824
